{
    "epoch": [
        1,
        2,
        3,
        4,
        5,
        6,
        7,
        8,
        9,
        10,
        11,
        12,
        13,
        14,
        15,
        16,
        17,
        18,
        19,
        20,
        21,
        22,
        23,
        24,
        25,
        26,
        27,
        28,
        29,
        30,
        31,
        32,
        33,
        34,
        35,
        36,
        37,
        38,
        39,
        40,
        41,
        42,
        43,
        44,
        45,
        46,
        47,
        48,
        49,
        50
    ],
    "train_loss": [
        0.09370493277240155,
        0.11564499523435066,
        0.12824649080189307,
        0.14996173744326208,
        0.21126776344295758,
        0.2048535328080405,
        0.17336652105423941,
        0.1827396115482743,
        0.17975156765375563,
        0.16253440015351595,
        0.1654548970843429,
        0.17246720945434785,
        0.18473845086435772,
        0.1752260485247,
        0.2094820125111893,
        0.19174070734141477,
        0.18669768378360949,
        0.19859155256356767,
        0.18402807436772248,
        0.19318119658907848,
        0.17223122671468935,
        0.16397380422967583,
        0.1701393992598377,
        0.15232920824591792,
        0.15456507688582832,
        0.14017558403646768,
        0.14293487920467532,
        0.13302166481961064,
        0.123318155754858,
        0.13732139110120375,
        0.11274096458705503,
        0.11802736603057207,
        0.11274805512112468,
        0.1041490135353003,
        0.1055312932316047,
        0.09899225904703585,
        0.09328055520778272,
        0.09301755313219419,
        0.09482547309972457,
        0.08844212156289549,
        0.07607249260893953,
        0.0887630968007134,
        0.07694664678133245,
        0.06932136196809918,
        0.07487825148586016,
        0.0751551350217257,
        0.07774237762969821,
        0.08583724999160909,
        0.0815554955390407,
        0.07467632579492099
    ],
    "val_loss": [
        0.26682550542884403,
        0.4063665767510732,
        0.32942260305086773,
        0.3855969657500585,
        0.40119853450192344,
        0.3670175721247991,
        0.48852605952156913,
        0.4958887497584025,
        0.3115530510743459,
        0.4362692998515235,
        0.27495744451880455,
        0.3601395818922255,
        0.3587875680791007,
        0.3411411792039871,
        0.3077296432521608,
        0.3510266426536772,
        0.34372442132896847,
        0.3840896619690789,
        0.3408970187107722,
        0.2816716995504167,
        0.28922442512379753,
        0.3082993295457628,
        0.3399345990684297,
        0.26096466018093956,
        0.2871537192000283,
        0.28172755075825584,
        0.3037073545985752,
        0.26645878205696744,
        0.2656749246848954,
        0.2759144951899846,
        0.2804952694310082,
        0.28327758444680107,
        0.30774982935852474,
        0.25678641514645684,
        0.24875354932414162,
        0.2712561496429973,
        0.2557400142153104,
        0.2496174383494589,
        0.2551145545310444,
        0.2597058489918709,
        0.25094303571515614,
        0.2485197770098845,
        0.2469720087117619,
        0.23971426652537453,
        0.24621735016504923,
        0.24071514192554685,
        0.240414806538158,
        0.2404772974550724,
        0.2405051589012146,
        0.2405051589012146
    ],
    "val_macro_f1": [
        0.8167282414408923,
        0.7782461565168332,
        0.7624783803998465,
        0.7295160329323183,
        0.7441592530517066,
        0.7520456070527523,
        0.7449002169209008,
        0.6957729372141721,
        0.8167613946297637,
        0.7338628232554265,
        0.7936339519724759,
        0.7682249376723324,
        0.7540555769818488,
        0.7451722154807763,
        0.774619645152626,
        0.7583615300727917,
        0.7797095561880284,
        0.7816086838605969,
        0.756587274845004,
        0.8331162465706069,
        0.7869646581883433,
        0.8142020784567748,
        0.8013052122996214,
        0.8189896806482814,
        0.8280260682139462,
        0.8312526503796706,
        0.8265142111333219,
        0.8474929704663313,
        0.8176486176338458,
        0.843124648857513,
        0.8410396024329969,
        0.8331449790396442,
        0.839588610662695,
        0.8355596803925748,
        0.8328779903697088,
        0.8357279441800787,
        0.8447959497712179,
        0.8350664473767136,
        0.841749804500479,
        0.8556870186857076,
        0.8619680454401787,
        0.8659102707935029,
        0.8582351972336874,
        0.8618216076036963,
        0.8626187357468481,
        0.8543329181631781,
        0.8669162249437944,
        0.8669162249437944,
        0.8660179319607705,
        0.8660179319607705
    ],
    "val_accuracy": [
        0.7966101694915254,
        0.736346516007533,
        0.7589453860640302,
        0.7212806026365348,
        0.7250470809792844,
        0.7325800376647834,
        0.7062146892655368,
        0.7005649717514124,
        0.7796610169491526,
        0.7137476459510358,
        0.7890772128060264,
        0.7608286252354048,
        0.7401129943502824,
        0.7608286252354048,
        0.7721280602636534,
        0.7608286252354048,
        0.7608286252354048,
        0.768361581920904,
        0.7551789077212806,
        0.807909604519774,
        0.7796610169491526,
        0.7890772128060264,
        0.7627118644067796,
        0.807909604519774,
        0.8060263653483992,
        0.8041431261770244,
        0.7909604519774012,
        0.8305084745762712,
        0.7928436911487758,
        0.815442561205273,
        0.8192090395480226,
        0.8022598870056498,
        0.8022598870056498,
        0.8210922787193974,
        0.8229755178907722,
        0.8192090395480226,
        0.832391713747646,
        0.8248587570621468,
        0.8361581920903954,
        0.8361581920903954,
        0.8361581920903954,
        0.8418079096045198,
        0.8380414312617702,
        0.8455743879472694,
        0.8455743879472694,
        0.839924670433145,
        0.847457627118644,
        0.847457627118644,
        0.8455743879472694,
        0.8455743879472694
    ]
}