{
    "epoch": [
        1,
        2,
        3,
        4,
        5,
        6,
        7,
        8,
        9,
        10,
        11,
        12,
        13,
        14,
        15,
        16,
        17,
        18,
        19,
        20,
        21,
        22,
        23,
        24,
        25,
        26,
        27,
        28,
        29,
        30,
        31,
        32,
        33,
        34,
        35,
        36,
        37,
        38,
        39,
        40,
        41,
        42,
        43,
        44,
        45,
        46,
        47,
        48,
        49,
        50
    ],
    "train_loss": [
        0.2348779959226013,
        0.2303364473233994,
        0.20745841352115,
        0.20921201264499723,
        0.18884822793472977,
        0.19362273235294156,
        0.17179084014623686,
        0.1579187243224535,
        0.14796183549595954,
        0.1497676241442673,
        0.15591077526148997,
        0.17494581491315275,
        0.18651928556592842,
        0.20263712444251641,
        0.19372017003763886,
        0.19957388769415088,
        0.1995883342858992,
        0.2155430374625034,
        0.19662034968124295,
        0.1900982550044257,
        0.19470334170680298,
        0.17731875136382597,
        0.18084654168582948,
        0.1852482586566891,
        0.18254969669575977,
        0.17689603452283637,
        0.16491820890092312,
        0.1505839413774193,
        0.15305202955702193,
        0.1509373976491896,
        0.1500546857154459,
        0.14677034319847598,
        0.1440742380664985,
        0.1429536920881137,
        0.13709111836619844,
        0.13976906171362652,
        0.13196081593912795,
        0.13411191520386173,
        0.14022725681893358,
        0.12436285951083764,
        0.13978123199894912,
        0.12629293148314819,
        0.12869128502233135,
        0.12082081535284904,
        0.1377676946944312,
        0.13022966286573642,
        0.13176329214041843,
        0.12292135997038138,
        0.12333515686984349,
        0.12835138008222544
    ],
    "val_loss": [
        0.3015902638435364,
        0.280439778285868,
        0.2950315400958061,
        0.36006078474661884,
        0.34471874727922325,
        0.3189529846696293,
        0.3214295274194549,
        0.3034950455321985,
        0.32749881113276763,
        0.36866274739013,
        0.4531668871641159,
        0.34093201598700357,
        0.3587484180050738,
        0.41351716483340545,
        0.3524630499236724,
        0.33391284767319174,
        0.3107163809678134,
        0.34243452548980713,
        0.288489439031657,
        0.2816299270181095,
        0.2749158928499502,
        0.2474811993101064,
        0.306368709925343,
        0.28415637879687194,
        0.2693432486232589,
        0.24584264790310578,
        0.2845481375561041,
        0.2751265913248062,
        0.28766532943529244,
        0.26834379837793465,
        0.2556796882520704,
        0.2436889083508183,
        0.2400953557123156,
        0.24443647922838435,
        0.2541678363786024,
        0.2481259802246795,
        0.2463180261718876,
        0.24727104801465483,
        0.24067467757884195,
        0.24085939566002174,
        0.24168729716364076,
        0.2478059784454458,
        0.2405052991474376,
        0.24529671997708433,
        0.23699178064570708,
        0.24449261409394882,
        0.24855567120453892,
        0.2374586787293939,
        0.23160678827587297,
        0.23734945957274997
    ],
    "val_macro_f1": [
        0.8144678657769168,
        0.8275597018008654,
        0.7960902444507963,
        0.7406109482697587,
        0.7802361565946948,
        0.7797251554264252,
        0.7778012411998753,
        0.7733536525931424,
        0.796664084202592,
        0.799016054626014,
        0.7624359052581866,
        0.793949348280358,
        0.7477517196090916,
        0.7617128396360296,
        0.7989130952909261,
        0.8166185460562708,
        0.8127052626746876,
        0.8008533023307564,
        0.8118979900701391,
        0.7964446647288028,
        0.8103904260700562,
        0.8129623337673184,
        0.7831267292591878,
        0.809517918618299,
        0.8363865244499253,
        0.821164713127913,
        0.8203781287307355,
        0.8154900798773116,
        0.8108396379977325,
        0.8335285314922158,
        0.8332886450943331,
        0.8216789629590739,
        0.8361285509653172,
        0.8350105215526556,
        0.8374090862335296,
        0.8464715134857147,
        0.8459903710440054,
        0.829250756966292,
        0.8469076420072158,
        0.8488366743690543,
        0.8428460241753182,
        0.8528355894551664,
        0.847934544418678,
        0.8419579370939608,
        0.8536262259700923,
        0.8471170654077749,
        0.8504163822657212,
        0.8459372392651509,
        0.8578537130775977,
        0.8539490910189652
    ],
    "val_accuracy": [
        0.7853107344632768,
        0.7890772128060264,
        0.7777777777777778,
        0.7269303201506592,
        0.7419962335216572,
        0.7551789077212806,
        0.7532956685499058,
        0.7589453860640302,
        0.7740112994350282,
        0.775894538606403,
        0.751412429378531,
        0.7570621468926554,
        0.7382297551789078,
        0.751412429378531,
        0.7853107344632768,
        0.7777777777777778,
        0.7928436911487758,
        0.7815442561205274,
        0.775894538606403,
        0.7796610169491526,
        0.7947269303201506,
        0.783427495291902,
        0.7627118644067796,
        0.783427495291902,
        0.800376647834275,
        0.7966101694915254,
        0.7928436911487758,
        0.7984934086629002,
        0.7815442561205274,
        0.7909604519774012,
        0.800376647834275,
        0.800376647834275,
        0.8097928436911488,
        0.8116760828625236,
        0.8060263653483992,
        0.8173258003766478,
        0.8192090395480226,
        0.8022598870056498,
        0.807909604519774,
        0.8173258003766478,
        0.8116760828625236,
        0.8173258003766478,
        0.8135593220338984,
        0.8135593220338984,
        0.8173258003766478,
        0.8135593220338984,
        0.8135593220338984,
        0.8173258003766478,
        0.8210922787193974,
        0.815442561205273
    ]
}